{"static": {
    "partition": [
        [102311, 102816, 104416, 105923, 108323, 109123, 111312, 111514,
         114823, 115017, 115825, 118225, 126426, 128935, 130114, 130518,
         132118, 140117, 145834, 146432, 146735, 146937, 150423, 156334,
         157336, 158035, 158136, 159239, 162935, 164131, 164636, 165436,
         167036, 167440, 169040, 169444, 169747, 171633, 172130, 175237,
         176542, 177140, 177746, 178142, 178243, 181232, 181636, 182739,
         185442, 186949, 187345, 191336, 191841, 192641, 193845, 195041,
         197348, 198653, 199655, 200210, 200311, 200614, 201515, 203418,
         204521, 205220, 214524, 221319, 233326, 239136, 246133, 249947,
         263436, 283543, 320826, 330324, 352738, 360030, 365343, 380036,
         385046, 393247, 397760, 401422, 406836, 412528, 429040, 436845,
         463040, 467351, 525541, 550439, 552241, 562345, 572045, 573249,
         581450, 601127, 617748, 638049, 671855, 680957, 690152, 724446,
         725751, 732243, 751550, 757764, 765864, 771354, 782561, 783462,
         789373, 818859, 826353, 859671, 871762, 872764, 878776, 878877,
         899885, 901139, 901442, 905147, 910241, 942658, 958976, 966975,
         973770, 995174],
        [814649, 381038, 116726, 100610, 770352, 971160, 541943, 134829,
         585256, 131217, 209228, 926862, 146129, 135124, 927359, 212419,
         825048, 257845, 318637, 898176, 389357, 654552, 536647, 173334,
         180533, 155938, 547046, 191033, 346137, 395756, 196144, 137128,
         627549]],
    "pretrained": false,
    "multiproc": false,
    "until": 2,
    "model_cache_path": "/data/models",
    "data_cache_path":  "/data/inputs"},
 "hyper": {
     "base_model": ["resnet18", "resnet34"],
     "lr": [0.00167, 0.00250, 0.00375, 0.00562, 0.00844],
     "gamma": [0.8, 0.85, 0.9, 0.95, 1],
     "bce_weight": [0.5, 0.67, 0.75],
     "batch_size": [2, 4, 6],
     "inputs": ["full", "anat"],
     "prediction": ["area", "ring"]}}
